Instagram Minutes,Youtube Minutes,Whatsapp Minutes,Facebook Minutes,Linkedin Minutes,Reels Watch
52,13,3,4,3,23
51,12,5,5,1,47
53,13,5,4,1,28
64,14,5,5,1,47
67,14,4,5,1,42
70,14,4,6,2,32
72,13,3,6,1,51
54,12,4,6,3,45
59,14,4,5,3,46
84,14,4,4,3,50
82,14,5,4,3,40
84,12,5,4,3,53
72,13,5,5,1,44
97,12,3,4,1,37
70,13,4,5,2,32
98,13,5,4,3,48
91,13,5,6,3,28
69,12,3,4,2,48
53,13,5,4,1,30
51,13,4,6,2,40
70,13,3,6,2,44
73,14,4,6,3,32
91,13,4,4,3,48
85,12,4,4,3,37
90,14,4,5,3,46
87,12,3,6,2,24
75,13,5,5,2,28
76,12,5,4,3,47
72,13,3,4,3,50
82,14,5,5,3,46
